{
    "preload": {
        "files": [
            {
                "type": "image",
                "key": "background",
                "url": "assets/images/background.png"
            },
            {
                "type": "image",
                "key": "mainmenu-bg",
                "url": "assets/images/menu.png"
            },
            {
                "type": "image",
                "key": "table",
                "url": "assets/images/table.png"
            },
            {
                "type": "image",
                "key": "teacup-1",
                "url": "assets/images/cup1.png"
            },
            {
                "type": "image",
                "key": "teacup-2",
                "url": "assets/images/cup2.png"
            },
            {
                "type": "image",
                "key": "steam",
                "url": "assets/images/steam.png"
            },
            {
                "type": "spritesheet",
                "key": "switch",
                "url": "assets/images/toggles.png",
                "frameConfig": {
                    "frameWidth": 37,
                    "frameHeight": 71
                }
            },
            {
                "type": "spritesheet",
                "key": "teabot",
                "url": "assets/images/teabot.png",
                "frameConfig": {
                    "frameWidth": 415,
                    "frameHeight": 608
                }
            },
            {
                "type": "spritesheet",
                "key": "minitb",
                "url": "assets/images/minitb.png",
                "frameConfig": {
                    "frameWidth": 214,
                    "frameHeight": 295
                }
            },
            {
                "type": "image",
                "key": "arrow",
                "url": "assets/images/arrow.png"
            },
            {
                "type": "image",
                "key": "recipecard",
                "url": "assets/images/recipecard.png"
            },
            {
                "type": "image",
                "key": "speechbubble",
                "url": "assets/images/Speechbubble.png"
            },
            {
                "type": "image",
                "key": "star",
                "url": "assets/images/star.png"
            },
            {
                "type": "image",
                "key": "teaplease",
                "url": "assets/images/TeaPlease.png"
            },
            {
                "type": "image",
                "key": "thermometer",
                "url": "assets/images/thermometer.png"
            },
            {
                "type": "audio",
                "key": "beep-boop-loop",
                "url": "assets/sounds/beep-boop-loop.mp3"
            },
            {
                "type": "audio",
                "key": "pentatonic-jam-loop",
                "url": "assets/sounds/pentatonic-jam-loop.mp3"
            },
            {
                "type": "audio",
                "key": "click",
                "url": "assets/sounds/click.mp3"
            },
            {
                "type": "audio",
                "key": "plop",
                "url": "assets/sounds/plop.mp3"
            },
            {
                "type": "image",
                "key": "ing-1",
                "url": "assets/images/ingredients/1.png"
            },
            {
                "type": "image",
                "key": "ing-2",
                "url": "assets/images/ingredients/2.png"
            },
            {
                "type": "image",
                "key": "ing-3",
                "url": "assets/images/ingredients/3.png"
            },
            {
                "type": "image",
                "key": "ing-4",
                "url": "assets/images/ingredients/4.png"
            },
            {
                "type": "image",
                "key": "ing-5",
                "url": "assets/images/ingredients/5.png"
            },
            {
                "type": "image",
                "key": "ing-6",
                "url": "assets/images/ingredients/6.png"
            },
            {
                "type": "image",
                "key": "ing-7",
                "url": "assets/images/ingredients/7.png"
            },
            {
                "type": "image",
                "key": "ing-8",
                "url": "assets/images/ingredients/8.png"
            },
            {
                "type": "image",
                "key": "ing-9",
                "url": "assets/images/ingredients/9.png"
            },
            {
                "type": "image",
                "key": "ing-10",
                "url": "assets/images/ingredients/10.png"
            },
            {
                "type": "image",
                "key": "ing-11",
                "url": "assets/images/ingredients/11.png"
            },
            {
                "type": "image",
                "key": "ing-12",
                "url": "assets/images/ingredients/12.png"
            },
            {
                "type": "image",
                "key": "ing-13",
                "url": "assets/images/ingredients/13.png"
            },
            {
                "type": "image",
                "key": "ing-14",
                "url": "assets/images/ingredients/14.png"
            },
            {
                "type": "image",
                "key": "ing-15",
                "url": "assets/images/ingredients/15.png"
            },
            {
                "type": "image",
                "key": "ing-16",
                "url": "assets/images/ingredients/16.png"
            },
            {
                "type": "image",
                "key": "ing-17",
                "url": "assets/images/ingredients/17.png"
            },
            {
                "type": "image",
                "key": "ing-18",
                "url": "assets/images/ingredients/18.png"
            },
            {
                "type": "image",
                "key": "ing-19",
                "url": "assets/images/ingredients/19.png"
            },
            {
                "type": "image",
                "key": "ing-20",
                "url": "assets/images/ingredients/20.png"
            },
            {
                "type": "image",
                "key": "ing-21",
                "url": "assets/images/ingredients/21.png"
            },
            {
                "type": "image",
                "key": "ing-22",
                "url": "assets/images/ingredients/22.png"
            },
            {
                "type": "image",
                "key": "ing-23",
                "url": "assets/images/ingredients/23.png"
            },
            {
                "type": "image",
                "key": "ing-24",
                "url": "assets/images/ingredients/24.png"
            },
            {
                "type": "image",
                "key": "ing-25",
                "url": "assets/images/ingredients/25.png"
            },
            {
                "type": "image",
                "key": "ing-26",
                "url": "assets/images/ingredients/26.png"
            },
            {
                "type": "image",
                "key": "ing-27",
                "url": "assets/images/ingredients/27.png"
            },
            {
                "type": "image",
                "key": "ing-28",
                "url": "assets/images/ingredients/28.png"
            },
            {
                "type": "image",
                "key": "ing-29",
                "url": "assets/images/ingredients/29.png"
            },
            {
                "type": "image",
                "key": "ing-30",
                "url": "assets/images/ingredients/30.png"
            },
            {
                "type": "image",
                "key": "ing-31",
                "url": "assets/images/ingredients/31.png"
            },
            {
                "type": "audio",
                "key": "correct",
                "url": "assets/sounds/correct.mp3"
            },
            {
                "type": "audio",
                "key": "most-refreshing",
                "url": "assets/sounds/most-refreshing.mp3"
            },
            {
                "type": "audio",
                "key": "delicious",
                "url": "assets/sounds/delicious.mp3"
            },
            {
                "type": "audio",
                "key": "delightful",
                "url": "assets/sounds/delightful.mp3"
            },
            {
                "type": "audio",
                "key": "too-cold",
                "url": "assets/sounds/too-cold.mp3"
            },
            {
                "type": "audio",
                "key": "hiss",
                "url": "assets/sounds/hiss.mp3"
            },
            {
                "type": "audio",
                "key": "murmur",
                "url": "assets/sounds/murmur.mp3"
            },
            {
                "type": "audio",
                "key": "tutorial-start",
                "url": "assets/sounds/tutorial-start.mp3"
            },
            {
                "type": "audio",
                "key": "home-to-me-loop",
                "url": "assets/sounds/home-to-me-loop.mp3"
            }
        ]
    }
}
