{
    "ingredients": [
        {
            "name": "Water",
            "key": "ing-1",
            "value": 1
        },
        {
            "name": "Black Tea Leaves",
            "key": "ing-2",
            "value": 2
        },
        {
            "name": "Green Tea Leaves",
            "key": "ing-3",
            "value": 3
        },
        {
            "name": "White Tea Leaves",
            "key": "ing-4",
            "value": 4
        },
        {
            "name": "Mint",
            "key": "ing-5",
            "value": 5
        },
        {
            "name": "Rooibos",
            "key": "ing-6",
            "value": 6
        },
        {
            "name": "Chamomile",
            "key": "ing-7",
            "value": 7
        },
        {
            "name": "Honey",
            "key": "ing-8",
            "value": 8
        },
        {
            "name": "Sugar",
            "key": "ing-9",
            "value": 9
        },
        {
            "name": "Milk",
            "key": "ing-10",
            "value": 10
        },
        {
            "name": "Jasmine",
            "key": "ing-11",
            "value": 11
        },
        {
            "name": "Raspberry",
            "key": "ing-12",
            "value": 12
        },
        {
            "name": "Blueberry",
            "key": "ing-13",
            "value": 13
        },
        {
            "name": "Orange",
            "key": "ing-14",
            "value": 14
        },
        {
            "name": "Vanilla",
            "key": "ing-15",
            "value": 15
        },
        {
            "name": "Star Anise",
            "key": "ing-16",
            "value": 16
        },
        {
            "name": "Ginger",
            "key": "ing-17",
            "value": 17
        },
        {
            "name": "Lemon",
            "key": "ing-18",
            "value": 18
        },
        {
            "name": "Rose",
            "key": "ing-19",
            "value": 19
        },
        {
            "name": "Cucumber",
            "key": "ing-20",
            "value": 20
        },
        {
            "name": "Pineapple",
            "key": "ing-21",
            "value": 21
        },
        {
            "name": "Cloves",
            "key": "ing-22",
            "value": 22
        },
        {
            "name": "Cocao",
            "key": "ing-23",
            "value": 23
        },
        {
            "name": "Lime",
            "key": "ing-24",
            "value": 24
        },
        {
            "name": "Cinnamon",
            "key": "ing-25",
            "value": 25
        },
        {
            "name": "Apple",
            "key": "ing-26",
            "value": 26
        },
        {
            "name": "Nutmeg",
            "key": "ing-27",
            "value": 27
        },
        {
            "name": "Cornflower",
            "key": "ing-28",
            "value": 28
        },
        {
            "name": "Lemon Grass",
            "key": "ing-29",
            "value": 29
        },
        {
            "name": "Coconut",
            "key": "ing-30",
            "value": 30
        },
        {
            "name": "Hibicsus",
            "key": "ing-31",
            "value": 31
        }
    ],
    "recipes": [
        {
            "name": "Mint Tea with Sugar",
            "ingredients": [4, 8]
        }, 
        {
            "name": "Green Tea with Honey and Raspberry",
            "ingredients": [2, 7, 11]
        }, 
        {
            "name": "Jasmine Tea",
            "ingredients": [3, 8, 10]
        }, 
        {
            "name": "Vanilla Rooibos with Honey",
            "ingredients": [5, 7, 14]
        }, 
        {
            "name": "Sleepy Time ",
            "ingredients": [6, 18, 28, 4]
        }, 
        {
            "name": "Black Tea with Honey and Lemon",
            "ingredients": [1, 7, 17]
        }, 
        {
            "name": "London Fog",
            "ingredients": [1, 8, 9, 14]
        }, 
        {
            "name": "Lady Grey Tea",
            "ingredients": [1, 27, 13, 8]
        }, 
        {
            "name": "Winterberry Tea",
            "ingredients": [3, 12, 8]
        }, 
        {
            "name": "Chai Tea Latte",
            "ingredients": [1, 15, 16, 21, 24, 26]
        }
    ]
}