{
    "tutorial": [
        {
            "type": "transition",
            "data": {
                "position": {
                    "x": 900,
                    "y": 900
                },
                "yTo": 650,
                "xTo": 900
            }
        },
        {
            "type": "speak",
            "data": {
                "position": {
                    "x": 425,
                    "y": 500
                },
                "text": "Hi! I am TeaBot, your brand new tea making machine! I sure do love making tea!"
            }
        },
        {
            "type": "speak",
            "data": {
                "position": {
                    "x": 425,
                    "y": 500
                },
                "text": "Welcome to your new home! However, I see you are feeling a bit homesick. Don't worry, that happens often when moving into a new place. Why don't you sit back and let me make you a hot cup of tea."
            }
        },
        {
            "type": "speak",
            "data": {
                "position": {
                    "x": 425,
                    "y": 500
                },
                "text": "Oh yeah, there is one thing I should mention. Unfortunately I only understand binary commands."
            }
        },
        {
            "type": "speak",
            "data": {
                "position": {
                    "x": 425,
                    "y": 500
                },
                "text": "What's that worried look on your face? Don't be afraid, I will teach you! Just follow my lead, and we will be making tea in no time!"
            }
        },
        {
            "type": "transition",
            "data": {
                "position": {
                    "x": 900,
                    "y": 650
                },
                "yTo": 900,
                "xTo": 900
            }
        },
        {
            "type": "transition",
            "data": {
                "position": {
                    "x": 500,
                    "y": 900
                },
                "yTo": 650,
                "xTo": 500
            }
        },
        {
            "type": "highlight",
            "data": {
                "target": ["binaryInput"],
                "behavoir": "show"
            }
        },
        {
            "type": "speak",
            "data": {
                "position": {
                    "x": 625,
                    "y": 500
                },
                "text": "This is where I get all of my commands. I call these 'switches'."
            }
        },
        {
            "type": "speak",
            "data": {
                "position": {
                    "x": 625,
                    "y": 500
                },
                "text": "Each switch has a value associated to it. The right most switch is 1."
            }
        },
        {
            "type": "speak",
            "data": {
                "position": {
                    "x": 625,
                    "y": 500
                },
                "text": "The next is 2."
            }
        },
        {
            "type": "speak",
            "data": {
                "position": {
                    "x": 625,
                    "y": 500
                },
                "text": "After that, 4, and so on!"
            }
        },
        {
            "type": "speak",
            "data": {
                "position": {
                    "x": 625,
                    "y": 500
                },
                "text": "Notice a pattern? That's right, each position is a power of 2! Oh, you didn't notice that? That's okay, it doesn't really make sense to me either. Who knows this stuff?"
            }
        },
        {
            "type": "speak",
            "data": {
                "position": {
                    "x": 625,
                    "y": 500
                },
                "text": "Anyway, your job is to tell me which switch to turn on. Sounds simple right? Well it is, but there is a catch."
            }
        },
        {
            "type": "speak",
            "data": {
                "position": {
                    "x": 625,
                    "y": 500
                },
                "text": "As you turn on a switch, my tea power increases by that switch's value. The more switches on, the higher my power."
            }
        },
        {
            "type": "speak",
            "data": {
                "position": {
                    "x": 625,
                    "y": 500
                },
                "text": "Okay, now let me show you my selection of teas."
            }
        },
        {
            "type": "highlight",
            "data": {
                "target": ["binaryInput"],
                "behavoir": "hide"
            }
        },
        {
            "type": "transition",
            "data": {
                "position": {
                    "x": 500,
                    "y": 650
                },
                "yTo": 900,
                "xTo": 500
            }
        },
        {
            "type": "transition",
            "data": {
                "position": {
                    "x": 625,
                    "y": -300
                },
                "yTo": 125,
                "xTo": 625,
                "angle": 180
            }
        },
        {
            "type": "recipe"
        },
        {
            "type": "highlight",
            "data": {
                "target": ["recipeThingy"],
                "behavoir": "show"
            }
        },
        {
            "type": "speak",
            "data": {
                "position": {
                    "x": 635,
                    "y": 300
                },
                "text": "I have chosen a group of tea recipies I think you will enjoy. You can see what ingredients are needed for each recipe here."
            }
        },
        {
            "type": "speak",
            "data": {
                "position": {
                    "x": 635,
                    "y": 300
                },
                "text": "Each ingredient has a value which must be met in order for me to grab it from the pantry. My power is used to place each ingredient into the cup."
            }
        },
        {
            "type": "speak",
            "data": {
                "position": {
                    "x": 635,
                    "y": 300
                },
                "text": "Why don't we give it a run! I will help you through the first one."
            }
        },
        {
            "type": "transition",
            "data": {
                "position": {
                    "x": 625,
                    "y": 125
                },
                "yTo": -300,
                "xTo": 625,
                "angle": 180
            }
        },
        {
            "type": "transition",
            "data": {
                "position": {
                    "x": 500,
                    "y": 900
                },
                "yTo": 650,
                "xTo": 500
            }
        },
        {
            "type": "dropmask"
        },
        {
            "type": "enablerecipe"
        },
        {
            "type": "speak",
            "data": {
                "position": {
                    "x": 625,
                    "y": 500
                },
                "text": "The first ingredient is always hot water. It only requires 1 power. Turn on the '1' switch by using your 'Up' arrow key.",
                "waitforspace": false
            }
        },
        {
            "type": "input"
        },
        {
            "type": "temperature"
        },
        {
            "type": "transition",
            "data": {
                "position": {
                    "x": 500,
                    "y": 650
                },
                "yTo": 450,
                "xTo": 780,
                "duration": 500
            }
        },
        {
            "type": "speak",
            "data": {
                "position": {
                    "x": 300,
                    "y": 300
                },
                "text": "Whoa! Be careful! If you take too long to put the ingredients in the cup, the water gets too cold. The tea will be ruined!."
            }
        },
        {
            "type": "speak",
            "data": {
                "position": {
                    "x": 300,
                    "y": 300
                },
                "text": "Don't worry about this cup, I will keep it warm with my exhaust. Don't ask how that works, just trust me."
            }
        },
        {
            "type": "transition",
            "data": {
                "position": {
                    "x": 780,
                    "y": 450
                },
                "yTo": 650,
                "xTo": 500
            }
        },
        {
            "type": "speak",
            "data": {
                "position": {
                    "x": 625,
                    "y": 500
                },
                "text": "The next ingredient requires 3 power. Turn on the '1', and '2' switches.",
                "waitforspace": false
            }
        },
        {
            "type": "input"
        },
        {
            "type": "speak",
            "data": {
                "position": {
                    "x": 625,
                    "y": 500
                },
                "text": "Success! What a great brew!"
            }
        },
        {
            "type": "speak",
            "data": {
                "position": {
                    "x": 625,
                    "y": 500
                },
                "text": "Remember, you can turn off a switch by pressing the 'Down' arrow key."
            }
        },
        {
            "type": "speak",
            "data": {
                "position": {
                    "x": 625,
                    "y": 500
                },
                "text": "Looks like you got the hang of it. Oh, you are thirsty again? Geesh. Well, time to get to work!"
            }
        },
        {
            "type": "transition",
            "data": {
                "position": {
                    "x": 500,
                    "y": 650
                },
                "yTo": 900,
                "xTo": 500
            }
        }
    ]
}